Workbook

Sheet EJ_transactions
A1: Date | B1: Time | C1: POS_No | D1: Txn_ID | E1: Cashier_ID | F1: Order_ID | G1: Trip_ID | H1: Amount
A2: 46047 | B2: 0.37861111 | C2: POS01 | D2: TXN1001 | E2: C001 | H2: 245
A3: 46047 | B3: 0.38384259 | C3: POS02 | D3: TXN1002 | E3: C002 | H3: 780
A4: 46047 | B4: 0.38760417 | C4: POS03 | D4: TXN1003 | E4: C003 | H4: 120
A5: 46047 | B5: 0.39341435 | C5: POS01 | D5: TXN1004 | E5: C001 | F5: ORD5001 | G5: TRIP9001 | H5: 1560
A6: 46047 | B6: 0.40355324 | C6: POS02 | D6: TXN1005 | E6: C002 | H6: 340
A7: 46047 | B7: 0.41344907 | C7: POS03 | D7: TXN1006 | E7: C003 | H7: 2150
A8: 46047 | B8: 0.41895833 | C8: POS01 | D8: TXN1007 | E8: C001 | H8: 95
A9: 46047 | B9: 0.42770833 | C9: POS02 | D9: TXN1008 | E9: C002 | F9: ORD5002 | G9: TRIP9002 | H9: 890
A10: 46047 | B10: 0.43657407 | C10: POS03 | D10: TXN1009 | E10: C003 | H10: 460
A11: 46047 | B11: 0.44596065 | C11: POS01 | D11: TXN1010 | E11: C001 | H11: 1320
A12: 46047 | B12: 0.45489583 | C12: POS02 | D12: TXN1011 | E12: C002 | H12: 275
A13: 46047 | B13: 0.46376157 | C13: POS03 | D13: TXN1012 | E13: C003 | F13: ORD5003 | G13: TRIP9003 | H13: 2140
A14: 46047 | B14: 0.4718287 | C14: POS01 | D14: TXN1013 | E14: C001 | H14: 560
A15: 46047 | B15: 0.4819213 | C15: POS02 | D15: TXN1014 | E15: C002 | H15: 410
A16: 46047 | B16: 0.49178241 | C16: POS03 | D16: TXN1015 | E16: C003 | H16: 75
A17: 46047 | B17: 0.50189815 | C17: POS01 | D17: TXN1016 | E17: C001 | F17: ORD5004 | G17: TRIP9004 | H17: 3250
A18: 46047 | B18: 0.5128588 | C18: POS02 | D18: TXN1017 | E18: C002 | H18: 980
A19: 46047 | B19: 0.52424769 | C19: POS03 | D19: TXN1018 | E19: C003 | H19: 150
A20: 46047 | B20: 0.53491898 | C20: POS01 | D20: TXN1019 | E20: C001 | H20: 670
A21: 46047 | B21: 0.545625 | C21: POS02 | D21: TXN1020 | E21: C002 | F21: ORD5005 | G21: TRIP9005 | H21: 1240
A22: 46047 | B22: 0.55703704 | C22: POS03 | D22: TXN1021 | E22: C003 | H22: 210
A23: 46047 | B23: 0.5687037 | C23: POS01 | D23: TXN1022 | E23: C001 | H23: 1840
A24: 46047 | B24: 0.58010417 | C24: POS02 | D24: TXN1023 | E24: C002 | H24: -320
A25: 46047 | B25: 0.59012731 | C25: POS03 | D25: TXN1024 | E25: C003 | H25: 540
A26: 46047 | B26: 0.60038194 | C26: POS01 | D26: TXN1025 | E26: C001 | F26: ORD5006 | G26: TRIP9006 | H26: 2750
A27: 46047 | B27: 0.61131944 | C27: POS02 | D27: TXN1026 | E27: C002 | H27: 360
A28: 46047 | B28: 0.62155093 | C28: POS03 | D28: TXN1027 | E28: C003 | H28: 1120
A29: 46047 | B29: 0.63320602 | C29: POS01 | D29: TXN1028 | E29: C001 | H29: -450
A30: 46047 | B30: 0.64486111 | C30: POS02 | D30: TXN1029 | E30: C002 | F30: ORD5007 | G30: TRIP9007 | H30: 690
A31: 46047 | B31: 0.65641204 | C31: POS03 | D31: TXN1030 | E31: C003 | H31: 260
A32: 46047 | B32: 0.66872685 | C32: POS01 | D32: TXN1031 | E32: C001 | H32: 980
A33: 46047 | B33: 0.67943287 | C33: POS02 | D33: TXN1032 | E33: C002 | H33: 1430
A34: 46047 | B34: 0.69075231 | C34: POS03 | D34: TXN1033 | E34: C003 | F34: ORD5008 | G34: TRIP9008 | H34: 4120
A35: 46047 | B35: 0.70149306 | C35: POS01 | D35: TXN1034 | E35: C001 | H35: 180
A36: 46047 | B36: 0.71292824 | C36: POS02 | D36: TXN1035 | E36: C002 | H36: -210
A37: 46047 | B37: 0.72423611 | C37: POS03 | D37: TXN1036 | E37: C003 | H37: 760
A38: 46047 | B38: 0.73574074 | C38: POS01 | D38: TXN1037 | E38: C001 | F38: ORD5009 | G38: TRIP9009 | H38: 990
A39: 46047 | B39: 0.74706019 | C39: POS02 | D39: TXN1038 | E39: C002 | H39: 430
A40: 46047 | B40: 0.75855324 | C40: POS03 | D40: TXN1039 | E40: C003 | H40: 1580
A41: 46047 | B41: 0.76949074 | C41: POS01 | D41: TXN1040 | E41: C001 | H41: 220
A42: 46047 | B42: 0.78114583 | C42: POS02 | D42: TXN1041 | E42: C002 | F42: ORD5010 | G42: TRIP9010 | H42: 3050
A43: 46047 | B43: 0.79274306 | C43: POS03 | D43: TXN1042 | E43: C003 | H43: 640
A44: 46047 | B44: 0.80424769 | C44: POS01 | D44: TXN1043 | E44: C001 | H44: -150
A45: 46047 | B45: 0.81576389 | C45: POS02 | D45: TXN1044 | E45: C002 | H45: 870
A46: 46047 | B46: 0.82737269 | C46: POS03 | D46: TXN1045 | E46: C003 | F46: ORD5011 | G46: TRIP9011 | H46: 1780
A47: 46047 | B47: 0.83953704 | C47: POS01 | D47: TXN1046 | E47: C001 | H47: 490
A48: 46047 | B48: 0.85155093 | C48: POS02 | D48: TXN1047 | E48: C002 | H48: 265
A49: 46047 | B49: 0.86434028 | C49: POS03 | D49: TXN1048 | E49: C003 | H49: 980
A50: 46047 | B50: 0.8765162 | C50: POS01 | D50: TXN1049 | E50: C001 | F50: ORD5012 | G50: TRIP9012 | H50: 2250
A51: 46047 | B51: 0.88873843 | C51: POS02 | D51: TXN1050 | E51: C002 | H51: 340
A52: 46047 | B52: 0.90144676 | C52: POS03 | D52: TXN1051 | E52: C003 | H52: 1590
A53: 46047 | B53: 0.93559028 | C53: POS02 | D53: TXN1059 | E53: C002 | H53: 180
A54: 46047 | B54: 0.93590278 | C54: POS03 | D54: TXN1060 | E54: C003 | H54: 420
A55: 46047 | B55: 0.93616898 | C55: POS01 | D55: TXN1061 | E55: C001 | F55: ORD5015 | G55: TRIP9015 | H55: 2150
A56: 46047 | B56: 0.93646991 | C56: POS02 | D56: TXN1062 | E56: C002 | H56: 95
A57: 46047 | B57: 0.93678241 | C57: POS03 | D57: TXN1063 | E57: C003 | H57: 760
A58: 46047 | B58: 0.93694444 | C58: POS01 | D58: TXN1064 | E58: C001 | H58: 340
A59: 46047 | B59: 0.93712963 | C59: POS02 | D59: TXN1065 | E59: C002 | F59: ORD5016 | G59: TRIP9016 | H59: 1290
A60: 46047 | B60: 0.93728009 | C60: POS03 | D60: TXN1066 | E60: C003 | H60: 210
A61: 46047 | B61: 0.93744213 | C61: POS01 | D61: TXN1067 | E61: C001 | H61: 560
A62: 46047 | B62: 0.93751157 | C62: POS02 | D62: TXN1068 | E62: C002 | H62: -150
A63: 46047 | B63: 0.88215278 | C63: POS01 | D63: TXN1069 | E63: C001 | H63: 880
A64: 46047 | B64: 0.88387731 | C64: POS02 | D64: TXN1070 | E64: C002 | H64: 240
A65: 46047 | B65: 0.88579861 | C65: POS03 | D65: TXN1071 | E65: C003 | F65: ORD5017 | G65: TRIP9017 | H65: 3450
A66: 46047 | B66: 0.88755787 | C66: POS01 | D66: TXN1072 | E66: C001 | H66: 130
A67: 46047 | B67: 0.89015046 | C67: POS02 | D67: TXN1073 | E67: C002 | H67: 670
A68: 46047 | B68: 0.89185185 | C68: POS03 | D68: TXN1074 | E68: C003 | H68: 420
A69: 46047 | B69: 0.89418981 | C69: POS01 | D69: TXN1075 | E69: C001 | F69: ORD5018 | G69: TRIP9018 | H69: 1980
A70: 46047 | B70: 0.89643519 | C70: POS02 | D70: TXN1076 | E70: C002 | H70: 510
A71: 46047 | B71: 0.89869213 | C71: POS03 | D71: TXN1077 | E71: C003 | H71: 90
A72: 46047 | B72: 0.9012037 | C72: POS01 | D72: TXN1078 | E72: C001 | H72: 1450
A73: 46047 | B73: 0.90359954 | C73: POS02 | D73: TXN1079 | E73: C002 | H73: -260
A74: 46047 | B74: 0.9058912 | C74: POS03 | D74: TXN1080 | E74: C003 | F74: ORD5019 | G74: TRIP9019 | H74: 2750
A75: 46047 | B75: 0.90831019 | C75: POS01 | D75: TXN1081 | E75: C001 | H75: 360
A76: 46047 | B76: 0.90997685 | C76: POS02 | D76: TXN1082 | E76: C002 | H76: 820
A77: 46047 | B77: 0.91228009 | C77: POS03 | D77: TXN1083 | E77: C003 | H77: 410
A78: 46047 | B78: 0.84173611 | C78: POS01 | D78: TXN1084 | E78: C001 | F78: ORD5020 | G78: TRIP9020 | H78: 1540
A79: 46047 | B79: 0.84501157 | C79: POS02 | D79: TXN1085 | E79: C002 | H79: 260
A80: 46047 | B80: 0.84834491 | C80: POS03 | D80: TXN1086 | E80: C003 | H80: 690
A81: 46047 | B81: 0.85090278 | C81: POS01 | D81: TXN1087 | E81: C001 | H81: -320
A82: 46047 | B82: 0.8541088 | C82: POS02 | D82: TXN1088 | E82: C002 | H82: 1340
A83: 46047 | B83: 0.85655093 | C83: POS03 | D83: TXN1089 | E83: C003 | F83: ORD5021 | G83: TRIP9021 | H83: 3890
A84: 46047 | B84: 0.85953704 | C84: POS01 | D84: TXN1090 | E84: C001 | H84: 210
A85: 46047 | B85: 0.86262731 | C85: POS02 | D85: TXN1091 | E85: C002 | H85: 570
A86: 46047 | B86: 0.86572917 | C86: POS03 | D86: TXN1092 | E86: C003 | H86: 980
A87: 46047 | B87: 0.86872685 | C87: POS01 | D87: TXN1093 | E87: C001 | F87: ORD5022 | G87: TRIP9022 | H87: 2470
A88: 46047 | B88: 0.87179398 | C88: POS02 | D88: TXN1094 | E88: C002 | H88: 310
A89: 46047 | B89: 0.87484954 | C89: POS03 | D89: TXN1095 | E89: C003 | H89: 440
A90: 46047 | B90: 0.79877315 | C90: POS01 | D90: TXN1096 | E90: C001 | H90: 760
A91: 46047 | B91: 0.80206019 | C91: POS02 | D91: TXN1097 | E91: C002 | H91: -190
A92: 46047 | B92: 0.80524306 | C92: POS03 | D92: TXN1098 | E92: C003 | F92: ORD5023 | G92: TRIP9023 | H92: 1680
A93: 46047 | B93: 0.80840278 | C93: POS01 | D93: TXN1099 | E93: C001 | H93: 290
A94: 46047 | B94: 0.81170139 | C94: POS02 | D94: TXN1100 | E94: C002 | H94: 920
A95: 46047 | B95: 0.81489583 | C95: POS03 | D95: TXN1101 | E95: C003 | H95: 510
A96: 46047 | B96: 0.8180787 | C96: POS01 | D96: TXN1102 | E96: C001 | F96: ORD5024 | G96: TRIP9024 | H96: 3050
A97: 46047 | B97: 0.82134259 | C97: POS02 | D97: TXN1103 | E97: C002 | H97: 370
A98: 46047 | B98: 0.82452546 | C98: POS03 | D98: TXN1104 | E98: C003 | H98: 680
A99: 46047 | B99: 0.75363426 | C99: POS01 | D99: TXN1105 | E99: C001 | H99: 340
A100: 46047 | B100: 0.75586806 | C100: POS02 | D100: TXN1106 | E100: C002 | H100: 780
...

Sheet Cleaned_EJ
A1: Date | B1: Time | C1: POS_No | D1: Txn_ID | E1: Cashier_ID | F1: Order_ID | G1: Trip_ID | H1: Amount | I1: Sales_Channel | J1: TXN_Type | K1: Abs_amount
A2: 46047 | B2: 0.37861111 | C2: POS01 | D2: TXN1001 | E2: C001 | H2: 245 | I2: =IF(F2="","OFFLINE","ONLINE") -> OFFLINE | J2: =IF(H2 < 0, "Return", "Sale") -> Sale | K2: =ABS(H2) -> 245
A3: 46047 | B3: 0.38384259 | C3: POS02 | D3: TXN1002 | E3: C002 | H3: 780 | I3: =IF(F3="","OFFLINE","ONLINE") -> OFFLINE | J3: =IF(H3 < 0, "Return", "Sale") -> Sale | K3: =ABS(H3) -> 780
A4: 46047 | B4: 0.38760417 | C4: POS03 | D4: TXN1003 | E4: C003 | H4: 120 | I4: =IF(F4="","OFFLINE","ONLINE") -> OFFLINE | J4: =IF(H4 < 0, "Return", "Sale") -> Sale | K4: =ABS(H4) -> 120
A5: 46047 | B5: 0.39341435 | C5: POS01 | D5: TXN1004 | E5: C001 | F5: ORD5001 | G5: TRIP9001 | H5: 1560 | I5: =IF(F5="","OFFLINE","ONLINE") -> ONLINE | J5: =IF(H5 < 0, "Return", "Sale") -> Sale | K5: =ABS(H5) -> 1560
A6: 46047 | B6: 0.40355324 | C6: POS02 | D6: TXN1005 | E6: C002 | H6: 340 | I6: =IF(F6="","OFFLINE","ONLINE") -> OFFLINE | J6: =IF(H6 < 0, "Return", "Sale") -> Sale | K6: =ABS(H6) -> 340
A7: 46047 | B7: 0.41344907 | C7: POS03 | D7: TXN1006 | E7: C003 | H7: 2150 | I7: =IF(F7="","OFFLINE","ONLINE") -> OFFLINE | J7: =IF(H7 < 0, "Return", "Sale") -> Sale | K7: =ABS(H7) -> 2150
A8: 46047 | B8: 0.41895833 | C8: POS01 | D8: TXN1007 | E8: C001 | H8: 95 | I8: =IF(F8="","OFFLINE","ONLINE") -> OFFLINE | J8: =IF(H8 < 0, "Return", "Sale") -> Sale | K8: =ABS(H8) -> 95
A9: 46047 | B9: 0.42770833 | C9: POS02 | D9: TXN1008 | E9: C002 | F9: ORD5002 | G9: TRIP9002 | H9: 890 | I9: =IF(F9="","OFFLINE","ONLINE") -> ONLINE | J9: =IF(H9 < 0, "Return", "Sale") -> Sale | K9: =ABS(H9) -> 890
A10: 46047 | B10: 0.43657407 | C10: POS03 | D10: TXN1009 | E10: C003 | H10: 460 | I10: =IF(F10="","OFFLINE","ONLINE") -> OFFLINE | J10: =IF(H10 < 0, "Return", "Sale") -> Sale | K10: =ABS(H10) -> 460
A11: 46047 | B11: 0.44596065 | C11: POS01 | D11: TXN1010 | E11: C001 | H11: 1320 | I11: =IF(F11="","OFFLINE","ONLINE") -> OFFLINE | J11: =IF(H11 < 0, "Return", "Sale") -> Sale | K11: =ABS(H11) -> 1320
A12: 46047 | B12: 0.45489583 | C12: POS02 | D12: TXN1011 | E12: C002 | H12: 275 | I12: =IF(F12="","OFFLINE","ONLINE") -> OFFLINE | J12: =IF(H12 < 0, "Return", "Sale") -> Sale | K12: =ABS(H12) -> 275
A13: 46047 | B13: 0.46376157 | C13: POS03 | D13: TXN1012 | E13: C003 | F13: ORD5003 | G13: TRIP9003 | H13: 2140 | I13: =IF(F13="","OFFLINE","ONLINE") -> ONLINE | J13: =IF(H13 < 0, "Return", "Sale") -> Sale | K13: =ABS(H13) -> 2140
A14: 46047 | B14: 0.4718287 | C14: POS01 | D14: TXN1013 | E14: C001 | H14: 560 | I14: =IF(F14="","OFFLINE","ONLINE") -> OFFLINE | J14: =IF(H14 < 0, "Return", "Sale") -> Sale | K14: =ABS(H14) -> 560
A15: 46047 | B15: 0.4819213 | C15: POS02 | D15: TXN1014 | E15: C002 | H15: 410 | I15: =IF(F15="","OFFLINE","ONLINE") -> OFFLINE | J15: =IF(H15 < 0, "Return", "Sale") -> Sale | K15: =ABS(H15) -> 410
A16: 46047 | B16: 0.49178241 | C16: POS03 | D16: TXN1015 | E16: C003 | H16: 75 | I16: =IF(F16="","OFFLINE","ONLINE") -> OFFLINE | J16: =IF(H16 < 0, "Return", "Sale") -> Sale | K16: =ABS(H16) -> 75
A17: 46047 | B17: 0.50189815 | C17: POS01 | D17: TXN1016 | E17: C001 | F17: ORD5004 | G17: TRIP9004 | H17: 3250 | I17: =IF(F17="","OFFLINE","ONLINE") -> ONLINE | J17: =IF(H17 < 0, "Return", "Sale") -> Sale | K17: =ABS(H17) -> 3250
A18: 46047 | B18: 0.5128588 | C18: POS02 | D18: TXN1017 | E18: C002 | H18: 980 | I18: =IF(F18="","OFFLINE","ONLINE") -> OFFLINE | J18: =IF(H18 < 0, "Return", "Sale") -> Sale | K18: =ABS(H18) -> 980
A19: 46047 | B19: 0.52424769 | C19: POS03 | D19: TXN1018 | E19: C003 | H19: 150 | I19: =IF(F19="","OFFLINE","ONLINE") -> OFFLINE | J19: =IF(H19 < 0, "Return", "Sale") -> Sale | K19: =ABS(H19) -> 150
A20: 46047 | B20: 0.53491898 | C20: POS01 | D20: TXN1019 | E20: C001 | H20: 670 | I20: =IF(F20="","OFFLINE","ONLINE") -> OFFLINE | J20: =IF(H20 < 0, "Return", "Sale") -> Sale | K20: =ABS(H20) -> 670
A21: 46047 | B21: 0.545625 | C21: POS02 | D21: TXN1020 | E21: C002 | F21: ORD5005 | G21: TRIP9005 | H21: 1240 | I21: =IF(F21="","OFFLINE","ONLINE") -> ONLINE | J21: =IF(H21 < 0, "Return", "Sale") -> Sale | K21: =ABS(H21) -> 1240
A22: 46047 | B22: 0.55703704 | C22: POS03 | D22: TXN1021 | E22: C003 | H22: 210 | I22: =IF(F22="","OFFLINE","ONLINE") -> OFFLINE | J22: =IF(H22 < 0, "Return", "Sale") -> Sale | K22: =ABS(H22) -> 210
A23: 46047 | B23: 0.5687037 | C23: POS01 | D23: TXN1022 | E23: C001 | H23: 1840 | I23: =IF(F23="","OFFLINE","ONLINE") -> OFFLINE | J23: =IF(H23 < 0, "Return", "Sale") -> Sale | K23: =ABS(H23) -> 1840
A24: 46047 | B24: 0.58010417 | C24: POS02 | D24: TXN1023 | E24: C002 | H24: -320 | I24: =IF(F24="","OFFLINE","ONLINE") -> OFFLINE | J24: =IF(H24 < 0, "Return", "Sale") -> Return | K24: =ABS(H24) -> 320
A25: 46047 | B25: 0.59012731 | C25: POS03 | D25: TXN1024 | E25: C003 | H25: 540 | I25: =IF(F25="","OFFLINE","ONLINE") -> OFFLINE | J25: =IF(H25 < 0, "Return", "Sale") -> Sale | K25: =ABS(H25) -> 540
A26: 46047 | B26: 0.60038194 | C26: POS01 | D26: TXN1025 | E26: C001 | F26: ORD5006 | G26: TRIP9006 | H26: 2750 | I26: =IF(F26="","OFFLINE","ONLINE") -> ONLINE | J26: =IF(H26 < 0, "Return", "Sale") -> Sale | K26: =ABS(H26) -> 2750
A27: 46047 | B27: 0.61131944 | C27: POS02 | D27: TXN1026 | E27: C002 | H27: 360 | I27: =IF(F27="","OFFLINE","ONLINE") -> OFFLINE | J27: =IF(H27 < 0, "Return", "Sale") -> Sale | K27: =ABS(H27) -> 360
A28: 46047 | B28: 0.62155093 | C28: POS03 | D28: TXN1027 | E28: C003 | H28: 1120 | I28: =IF(F28="","OFFLINE","ONLINE") -> OFFLINE | J28: =IF(H28 < 0, "Return", "Sale") -> Sale | K28: =ABS(H28) -> 1120
A29: 46047 | B29: 0.63320602 | C29: POS01 | D29: TXN1028 | E29: C001 | H29: -450 | I29: =IF(F29="","OFFLINE","ONLINE") -> OFFLINE | J29: =IF(H29 < 0, "Return", "Sale") -> Return | K29: =ABS(H29) -> 450
A30: 46047 | B30: 0.64486111 | C30: POS02 | D30: TXN1029 | E30: C002 | F30: ORD5007 | G30: TRIP9007 | H30: 690 | I30: =IF(F30="","OFFLINE","ONLINE") -> ONLINE | J30: =IF(H30 < 0, "Return", "Sale") -> Sale | K30: =ABS(H30) -> 690
A31: 46047 | B31: 0.65641204 | C31: POS03 | D31: TXN1030 | E31: C003 | H31: 260 | I31: =IF(F31="","OFFLINE","ONLINE") -> OFFLINE | J31: =IF(H31 < 0, "Return", "Sale") -> Sale | K31: =ABS(H31) -> 260
A32: 46047 | B32: 0.66872685 | C32: POS01 | D32: TXN1031 | E32: C001 | H32: 980 | I32: =IF(F32="","OFFLINE","ONLINE") -> OFFLINE | J32: =IF(H32 < 0, "Return", "Sale") -> Sale | K32: =ABS(H32) -> 980
A33: 46047 | B33: 0.67943287 | C33: POS02 | D33: TXN1032 | E33: C002 | H33: 1430 | I33: =IF(F33="","OFFLINE","ONLINE") -> OFFLINE | J33: =IF(H33 < 0, "Return", "Sale") -> Sale | K33: =ABS(H33) -> 1430
A34: 46047 | B34: 0.69075231 | C34: POS03 | D34: TXN1033 | E34: C003 | F34: ORD5008 | G34: TRIP9008 | H34: 4120 | I34: =IF(F34="","OFFLINE","ONLINE") -> ONLINE | J34: =IF(H34 < 0, "Return", "Sale") -> Sale | K34: =ABS(H34) -> 4120
A35: 46047 | B35: 0.70149306 | C35: POS01 | D35: TXN1034 | E35: C001 | H35: 180 | I35: =IF(F35="","OFFLINE","ONLINE") -> OFFLINE | J35: =IF(H35 < 0, "Return", "Sale") -> Sale | K35: =ABS(H35) -> 180
A36: 46047 | B36: 0.71292824 | C36: POS02 | D36: TXN1035 | E36: C002 | H36: -210 | I36: =IF(F36="","OFFLINE","ONLINE") -> OFFLINE | J36: =IF(H36 < 0, "Return", "Sale") -> Return | K36: =ABS(H36) -> 210
A37: 46047 | B37: 0.72423611 | C37: POS03 | D37: TXN1036 | E37: C003 | H37: 760 | I37: =IF(F37="","OFFLINE","ONLINE") -> OFFLINE | J37: =IF(H37 < 0, "Return", "Sale") -> Sale | K37: =ABS(H37) -> 760
A38: 46047 | B38: 0.73574074 | C38: POS01 | D38: TXN1037 | E38: C001 | F38: ORD5009 | G38: TRIP9009 | H38: 990 | I38: =IF(F38="","OFFLINE","ONLINE") -> ONLINE | J38: =IF(H38 < 0, "Return", "Sale") -> Sale | K38: =ABS(H38) -> 990
A39: 46047 | B39: 0.74706019 | C39: POS02 | D39: TXN1038 | E39: C002 | H39: 430 | I39: =IF(F39="","OFFLINE","ONLINE") -> OFFLINE | J39: =IF(H39 < 0, "Return", "Sale") -> Sale | K39: =ABS(H39) -> 430
A40: 46047 | B40: 0.75855324 | C40: POS03 | D40: TXN1039 | E40: C003 | H40: 1580 | I40: =IF(F40="","OFFLINE","ONLINE") -> OFFLINE | J40: =IF(H40 < 0, "Return", "Sale") -> Sale | K40: =ABS(H40) -> 1580
A41: 46047 | B41: 0.76949074 | C41: POS01 | D41: TXN1040 | E41: C001 | H41: 220 | I41: =IF(F41="","OFFLINE","ONLINE") -> OFFLINE | J41: =IF(H41 < 0, "Return", "Sale") -> Sale | K41: =ABS(H41) -> 220
A42: 46047 | B42: 0.78114583 | C42: POS02 | D42: TXN1041 | E42: C002 | F42: ORD5010 | G42: TRIP9010 | H42: 3050 | I42: =IF(F42="","OFFLINE","ONLINE") -> ONLINE | J42: =IF(H42 < 0, "Return", "Sale") -> Sale | K42: =ABS(H42) -> 3050
A43: 46047 | B43: 0.79274306 | C43: POS03 | D43: TXN1042 | E43: C003 | H43: 640 | I43: =IF(F43="","OFFLINE","ONLINE") -> OFFLINE | J43: =IF(H43 < 0, "Return", "Sale") -> Sale | K43: =ABS(H43) -> 640
A44: 46047 | B44: 0.80424769 | C44: POS01 | D44: TXN1043 | E44: C001 | H44: -150 | I44: =IF(F44="","OFFLINE","ONLINE") -> OFFLINE | J44: =IF(H44 < 0, "Return", "Sale") -> Return | K44: =ABS(H44) -> 150
A45: 46047 | B45: 0.81576389 | C45: POS02 | D45: TXN1044 | E45: C002 | H45: 870 | I45: =IF(F45="","OFFLINE","ONLINE") -> OFFLINE | J45: =IF(H45 < 0, "Return", "Sale") -> Sale | K45: =ABS(H45) -> 870
A46: 46047 | B46: 0.82737269 | C46: POS03 | D46: TXN1045 | E46: C003 | F46: ORD5011 | G46: TRIP9011 | H46: 1780 | I46: =IF(F46="","OFFLINE","ONLINE") -> ONLINE | J46: =IF(H46 < 0, "Return", "Sale") -> Sale | K46: =ABS(H46) -> 1780
A47: 46047 | B47: 0.83953704 | C47: POS01 | D47: TXN1046 | E47: C001 | H47: 490 | I47: =IF(F47="","OFFLINE","ONLINE") -> OFFLINE | J47: =IF(H47 < 0, "Return", "Sale") -> Sale | K47: =ABS(H47) -> 490
A48: 46047 | B48: 0.85155093 | C48: POS02 | D48: TXN1047 | E48: C002 | H48: 265 | I48: =IF(F48="","OFFLINE","ONLINE") -> OFFLINE | J48: =IF(H48 < 0, "Return", "Sale") -> Sale | K48: =ABS(H48) -> 265
A49: 46047 | B49: 0.86434028 | C49: POS03 | D49: TXN1048 | E49: C003 | H49: 980 | I49: =IF(F49="","OFFLINE","ONLINE") -> OFFLINE | J49: =IF(H49 < 0, "Return", "Sale") -> Sale | K49: =ABS(H49) -> 980
A50: 46047 | B50: 0.8765162 | C50: POS01 | D50: TXN1049 | E50: C001 | F50: ORD5012 | G50: TRIP9012 | H50: 2250 | I50: =IF(F50="","OFFLINE","ONLINE") -> ONLINE | J50: =IF(H50 < 0, "Return", "Sale") -> Sale | K50: =ABS(H50) -> 2250
A51: 46047 | B51: 0.88873843 | C51: POS02 | D51: TXN1050 | E51: C002 | H51: 340 | I51: =IF(F51="","OFFLINE","ONLINE") -> OFFLINE | J51: =IF(H51 < 0, "Return", "Sale") -> Sale | K51: =ABS(H51) -> 340
A52: 46047 | B52: 0.90144676 | C52: POS03 | D52: TXN1051 | E52: C003 | H52: 1590 | I52: =IF(F52="","OFFLINE","ONLINE") -> OFFLINE | J52: =IF(H52 < 0, "Return", "Sale") -> Sale | K52: =ABS(H52) -> 1590
A53: 46047 | B53: 0.93559028 | C53: POS02 | D53: TXN1059 | E53: C002 | H53: 180 | I53: =IF(F53="","OFFLINE","ONLINE") -> OFFLINE | J53: =IF(H53 < 0, "Return", "Sale") -> Sale | K53: =ABS(H53) -> 180
A54: 46047 | B54: 0.93590278 | C54: POS03 | D54: TXN1060 | E54: C003 | H54: 420 | I54: =IF(F54="","OFFLINE","ONLINE") -> OFFLINE | J54: =IF(H54 < 0, "Return", "Sale") -> Sale | K54: =ABS(H54) -> 420
A55: 46047 | B55: 0.93616898 | C55: POS01 | D55: TXN1061 | E55: C001 | F55: ORD5015 | G55: TRIP9015 | H55: 2150 | I55: =IF(F55="","OFFLINE","ONLINE") -> ONLINE | J55: =IF(H55 < 0, "Return", "Sale") -> Sale | K55: =ABS(H55) -> 2150
A56: 46047 | B56: 0.93646991 | C56: POS02 | D56: TXN1062 | E56: C002 | H56: 95 | I56: =IF(F56="","OFFLINE","ONLINE") -> OFFLINE | J56: =IF(H56 < 0, "Return", "Sale") -> Sale | K56: =ABS(H56) -> 95
A57: 46047 | B57: 0.93678241 | C57: POS03 | D57: TXN1063 | E57: C003 | H57: 760 | I57: =IF(F57="","OFFLINE","ONLINE") -> OFFLINE | J57: =IF(H57 < 0, "Return", "Sale") -> Sale | K57: =ABS(H57) -> 760
A58: 46047 | B58: 0.93694444 | C58: POS01 | D58: TXN1064 | E58: C001 | H58: 340 | I58: =IF(F58="","OFFLINE","ONLINE") -> OFFLINE | J58: =IF(H58 < 0, "Return", "Sale") -> Sale | K58: =ABS(H58) -> 340
A59: 46047 | B59: 0.93712963 | C59: POS02 | D59: TXN1065 | E59: C002 | F59: ORD5016 | G59: TRIP9016 | H59: 1290 | I59: =IF(F59="","OFFLINE","ONLINE") -> ONLINE | J59: =IF(H59 < 0, "Return", "Sale") -> Sale | K59: =ABS(H59) -> 1290
A60: 46047 | B60: 0.93728009 | C60: POS03 | D60: TXN1066 | E60: C003 | H60: 210 | I60: =IF(F60="","OFFLINE","ONLINE") -> OFFLINE | J60: =IF(H60 < 0, "Return", "Sale") -> Sale | K60: =ABS(H60) -> 210
A61: 46047 | B61: 0.93744213 | C61: POS01 | D61: TXN1067 | E61: C001 | H61: 560 | I61: =IF(F61="","OFFLINE","ONLINE") -> OFFLINE | J61: =IF(H61 < 0, "Return", "Sale") -> Sale | K61: =ABS(H61) -> 560
A62: 46047 | B62: 0.93751157 | C62: POS02 | D62: TXN1068 | E62: C002 | H62: -150 | I62: =IF(F62="","OFFLINE","ONLINE") -> OFFLINE | J62: =IF(H62 < 0, "Return", "Sale") -> Return | K62: =ABS(H62) -> 150
A63: 46047 | B63: 0.88215278 | C63: POS01 | D63: TXN1069 | E63: C001 | H63: 880 | I63: =IF(F63="","OFFLINE","ONLINE") -> OFFLINE | J63: =IF(H63 < 0, "Return", "Sale") -> Sale | K63: =ABS(H63) -> 880
A64: 46047 | B64: 0.88387731 | C64: POS02 | D64: TXN1070 | E64: C002 | H64: 240 | I64: =IF(F64="","OFFLINE","ONLINE") -> OFFLINE | J64: =IF(H64 < 0, "Return", "Sale") -> Sale | K64: =ABS(H64) -> 240
A65: 46047 | B65: 0.88579861 | C65: POS03 | D65: TXN1071 | E65: C003 | F65: ORD5017 | G65: TRIP9017 | H65: 3450 | I65: =IF(F65="","OFFLINE","ONLINE") -> ONLINE | J65: =IF(H65 < 0, "Return", "Sale") -> Sale | K65: =ABS(H65) -> 3450
A66: 46047 | B66: 0.88755787 | C66: POS01 | D66: TXN1072 | E66: C001 | H66: 130 | I66: =IF(F66="","OFFLINE","ONLINE") -> OFFLINE | J66: =IF(H66 < 0, "Return", "Sale") -> Sale | K66: =ABS(H66) -> 130
A67: 46047 | B67: 0.89015046 | C67: POS02 | D67: TXN1073 | E67: C002 | H67: 670 | I67: =IF(F67="","OFFLINE","ONLINE") -> OFFLINE | J67: =IF(H67 < 0, "Return", "Sale") -> Sale | K67: =ABS(H67) -> 670
A68: 46047 | B68: 0.89185185 | C68: POS03 | D68: TXN1074 | E68: C003 | H68: 420 | I68: =IF(F68="","OFFLINE","ONLINE") -> OFFLINE | J68: =IF(H68 < 0, "Return", "Sale") -> Sale | K68: =ABS(H68) -> 420
A69: 46047 | B69: 0.89418981 | C69: POS01 | D69: TXN1075 | E69: C001 | F69: ORD5018 | G69: TRIP9018 | H69: 1980 | I69: =IF(F69="","OFFLINE","ONLINE") -> ONLINE | J69: =IF(H69 < 0, "Return", "Sale") -> Sale | K69: =ABS(H69) -> 1980
A70: 46047 | B70: 0.89643519 | C70: POS02 | D70: TXN1076 | E70: C002 | H70: 510 | I70: =IF(F70="","OFFLINE","ONLINE") -> OFFLINE | J70: =IF(H70 < 0, "Return", "Sale") -> Sale | K70: =ABS(H70) -> 510
A71: 46047 | B71: 0.89869213 | C71: POS03 | D71: TXN1077 | E71: C003 | H71: 90 | I71: =IF(F71="","OFFLINE","ONLINE") -> OFFLINE | J71: =IF(H71 < 0, "Return", "Sale") -> Sale | K71: =ABS(H71) -> 90
A72: 46047 | B72: 0.9012037 | C72: POS01 | D72: TXN1078 | E72: C001 | H72: 1450 | I72: =IF(F72="","OFFLINE","ONLINE") -> OFFLINE | J72: =IF(H72 < 0, "Return", "Sale") -> Sale | K72: =ABS(H72) -> 1450
A73: 46047 | B73: 0.90359954 | C73: POS02 | D73: TXN1079 | E73: C002 | H73: -260 | I73: =IF(F73="","OFFLINE","ONLINE") -> OFFLINE | J73: =IF(H73 < 0, "Return", "Sale") -> Return | K73: =ABS(H73) -> 260
A74: 46047 | B74: 0.9058912 | C74: POS03 | D74: TXN1080 | E74: C003 | F74: ORD5019 | G74: TRIP9019 | H74: 2750 | I74: =IF(F74="","OFFLINE","ONLINE") -> ONLINE | J74: =IF(H74 < 0, "Return", "Sale") -> Sale | K74: =ABS(H74) -> 2750
A75: 46047 | B75: 0.90831019 | C75: POS01 | D75: TXN1081 | E75: C001 | H75: 360 | I75: =IF(F75="","OFFLINE","ONLINE") -> OFFLINE | J75: =IF(H75 < 0, "Return", "Sale") -> Sale | K75: =ABS(H75) -> 360
A76: 46047 | B76: 0.90997685 | C76: POS02 | D76: TXN1082 | E76: C002 | H76: 820 | I76: =IF(F76="","OFFLINE","ONLINE") -> OFFLINE | J76: =IF(H76 < 0, "Return", "Sale") -> Sale | K76: =ABS(H76) -> 820
A77: 46047 | B77: 0.91228009 | C77: POS03 | D77: TXN1083 | E77: C003 | H77: 410 | I77: =IF(F77="","OFFLINE","ONLINE") -> OFFLINE | J77: =IF(H77 < 0, "Return", "Sale") -> Sale | K77: =ABS(H77) -> 410
A78: 46047 | B78: 0.84173611 | C78: POS01 | D78: TXN1084 | E78: C001 | F78: ORD5020 | G78: TRIP9020 | H78: 1540 | I78: =IF(F78="","OFFLINE","ONLINE") -> ONLINE | J78: =IF(H78 < 0, "Return", "Sale") -> Sale | K78: =ABS(H78) -> 1540
A79: 46047 | B79: 0.84501157 | C79: POS02 | D79: TXN1085 | E79: C002 | H79: 260 | I79: =IF(F79="","OFFLINE","ONLINE") -> OFFLINE | J79: =IF(H79 < 0, "Return", "Sale") -> Sale | K79: =ABS(H79) -> 260
A80: 46047 | B80: 0.84834491 | C80: POS03 | D80: TXN1086 | E80: C003 | H80: 690 | I80: =IF(F80="","OFFLINE","ONLINE") -> OFFLINE | J80: =IF(H80 < 0, "Return", "Sale") -> Sale | K80: =ABS(H80) -> 690
A81: 46047 | B81: 0.85090278 | C81: POS01 | D81: TXN1087 | E81: C001 | H81: -320 | I81: =IF(F81="","OFFLINE","ONLINE") -> OFFLINE | J81: =IF(H81 < 0, "Return", "Sale") -> Return | K81: =ABS(H81) -> 320
A82: 46047 | B82: 0.8541088 | C82: POS02 | D82: TXN1088 | E82: C002 | H82: 1340 | I82: =IF(F82="","OFFLINE","ONLINE") -> OFFLINE | J82: =IF(H82 < 0, "Return", "Sale") -> Sale | K82: =ABS(H82) -> 1340
A83: 46047 | B83: 0.85655093 | C83: POS03 | D83: TXN1089 | E83: C003 | F83: ORD5021 | G83: TRIP9021 | H83: 3890 | I83: =IF(F83="","OFFLINE","ONLINE") -> ONLINE | J83: =IF(H83 < 0, "Return", "Sale") -> Sale | K83: =ABS(H83) -> 3890
A84: 46047 | B84: 0.85953704 | C84: POS01 | D84: TXN1090 | E84: C001 | H84: 210 | I84: =IF(F84="","OFFLINE","ONLINE") -> OFFLINE | J84: =IF(H84 < 0, "Return", "Sale") -> Sale | K84: =ABS(H84) -> 210
A85: 46047 | B85: 0.86262731 | C85: POS02 | D85: TXN1091 | E85: C002 | H85: 570 | I85: =IF(F85="","OFFLINE","ONLINE") -> OFFLINE | J85: =IF(H85 < 0, "Return", "Sale") -> Sale | K85: =ABS(H85) -> 570
A86: 46047 | B86: 0.86572917 | C86: POS03 | D86: TXN1092 | E86: C003 | H86: 980 | I86: =IF(F86="","OFFLINE","ONLINE") -> OFFLINE | J86: =IF(H86 < 0, "Return", "Sale") -> Sale | K86: =ABS(H86) -> 980
A87: 46047 | B87: 0.86872685 | C87: POS01 | D87: TXN1093 | E87: C001 | F87: ORD5022 | G87: TRIP9022 | H87: 2470 | I87: =IF(F87="","OFFLINE","ONLINE") -> ONLINE | J87: =IF(H87 < 0, "Return", "Sale") -> Sale | K87: =ABS(H87) -> 2470
A88: 46047 | B88: 0.87179398 | C88: POS02 | D88: TXN1094 | E88: C002 | H88: 310 | I88: =IF(F88="","OFFLINE","ONLINE") -> OFFLINE | J88: =IF(H88 < 0, "Return", "Sale") -> Sale | K88: =ABS(H88) -> 310
A89: 46047 | B89: 0.87484954 | C89: POS03 | D89: TXN1095 | E89: C003 | H89: 440 | I89: =IF(F89="","OFFLINE","ONLINE") -> OFFLINE | J89: =IF(H89 < 0, "Return", "Sale") -> Sale | K89: =ABS(H89) -> 440
A90: 46047 | B90: 0.79877315 | C90: POS01 | D90: TXN1096 | E90: C001 | H90: 760 | I90: =IF(F90="","OFFLINE","ONLINE") -> OFFLINE | J90: =IF(H90 < 0, "Return", "Sale") -> Sale | K90: =ABS(H90) -> 760
A91: 46047 | B91: 0.80206019 | C91: POS02 | D91: TXN1097 | E91: C002 | H91: -190 | I91: =IF(F91="","OFFLINE","ONLINE") -> OFFLINE | J91: =IF(H91 < 0, "Return", "Sale") -> Return | K91: =ABS(H91) -> 190
A92: 46047 | B92: 0.80524306 | C92: POS03 | D92: TXN1098 | E92: C003 | F92: ORD5023 | G92: TRIP9023 | H92: 1680 | I92: =IF(F92="","OFFLINE","ONLINE") -> ONLINE | J92: =IF(H92 < 0, "Return", "Sale") -> Sale | K92: =ABS(H92) -> 1680
A93: 46047 | B93: 0.80840278 | C93: POS01 | D93: TXN1099 | E93: C001 | H93: 290 | I93: =IF(F93="","OFFLINE","ONLINE") -> OFFLINE | J93: =IF(H93 < 0, "Return", "Sale") -> Sale | K93: =ABS(H93) -> 290
A94: 46047 | B94: 0.81170139 | C94: POS02 | D94: TXN1100 | E94: C002 | H94: 920 | I94: =IF(F94="","OFFLINE","ONLINE") -> OFFLINE | J94: =IF(H94 < 0, "Return", "Sale") -> Sale | K94: =ABS(H94) -> 920
A95: 46047 | B95: 0.81489583 | C95: POS03 | D95: TXN1101 | E95: C003 | H95: 510 | I95: =IF(F95="","OFFLINE","ONLINE") -> OFFLINE | J95: =IF(H95 < 0, "Return", "Sale") -> Sale | K95: =ABS(H95) -> 510
A96: 46047 | B96: 0.8180787 | C96: POS01 | D96: TXN1102 | E96: C001 | F96: ORD5024 | G96: TRIP9024 | H96: 3050 | I96: =IF(F96="","OFFLINE","ONLINE") -> ONLINE | J96: =IF(H96 < 0, "Return", "Sale") -> Sale | K96: =ABS(H96) -> 3050
A97: 46047 | B97: 0.82134259 | C97: POS02 | D97: TXN1103 | E97: C002 | H97: 370 | I97: =IF(F97="","OFFLINE","ONLINE") -> OFFLINE | J97: =IF(H97 < 0, "Return", "Sale") -> Sale | K97: =ABS(H97) -> 370
A98: 46047 | B98: 0.82452546 | C98: POS03 | D98: TXN1104 | E98: C003 | H98: 680 | I98: =IF(F98="","OFFLINE","ONLINE") -> OFFLINE | J98: =IF(H98 < 0, "Return", "Sale") -> Sale | K98: =ABS(H98) -> 680
A99: 46047 | B99: 0.75363426 | C99: POS01 | D99: TXN1105 | E99: C001 | H99: 340 | I99: =IF(F99="","OFFLINE","ONLINE") -> OFFLINE | J99: =IF(H99 < 0, "Return", "Sale") -> Sale | K99: =ABS(H99) -> 340
A100: 46047 | B100: 0.75586806 | C100: POS02 | D100: TXN1106 | E100: C002 | H100: 780 | I100: =IF(F100="","OFFLINE","ONLINE") -> OFFLINE | J100: =IF(H100 < 0, "Return", "Sale") -> Sale | K100: =ABS(H100) -> 780
...

Sheet Final_MIS
A1: Daily Store Performance Summary
A2: Total Sales | B2: =SUMIFS(Cleaned_EJ!H:H, Cleaned_EJ!J:J, "Sale") -> 323515
A3: Total Returns | B3: =SUMIFS(Cleaned_EJ!H:H, Cleaned_EJ!J:J, "Return") -> -5720
A4: Net Sales | B4: =B2+B3 -> 317795
A5: Offline Sales | B5: =SUMIFS(Cleaned_EJ!H:H, Cleaned_EJ!J:J, "Sale", Cleaned_EJ!I:I, "Offline") -> 129595
A6: Online Sales | B6: =SUMIFS(Cleaned_EJ!H:H, Cleaned_EJ!J:J, "Sale", Cleaned_EJ!I:I, "Online") -> 193920
A7: Total Transactions | B7: =COUNTA(Cleaned_EJ!C:C) -> 346
A8: Online Order Count | B8: =COUNTIFS(Cleaned_EJ!I:I, "Online") -> 81
A9: Return Transaction Count | B9: =COUNTIFS(Cleaned_EJ!J:J, "Return") -> 26
A10: Return Rate | B10: =B9/B7 -> 0.075144509
A11: High Return Alert | B11: =IF(B9>10, "Review", "Ok") -> Review
A14: Data is simulated for learning purpose
O117: D2: C001
O118: D3: C002
O119: D4: C003
